{
    "sensors": [
        {
            "type": "sensor.lidar.depth",
            "id": "velodyne32",
            "x": 0.0, "y": 0.0, "z": 2.0, "roll": 0.0, "pitch": 0.0, "yaw": 0.0,
            "range": 100,
            "channels": 32,
            "points_per_second": 18000,
            "upper_fov": 15.0,
            "lower_fov": -25.0,
            "rotation_frequency": 10,
            "verticle_angles": "-25.00000, -15.63900, -11.31000, -8.84300, -7.25400, -6.14800, -5.33300, -4.66700, -4.00000, -3.66700, -3.33300, -3.00000, -2.66700, -2.33300, -2.00000, -1.66700, -1.33300,  -1.00000, -0.66700,  -0.33300,   0.00000,  0.33300,   0.66700,   1.00000, 1.33300,   1.66700,   2.33300,   3.33300,   4.66700,   7.00000, 10.33300,  15.00000",
            "sensor_tick": 0.05
        }
    ]
}
